event,station,depth_pct,tau,H,D_gap,rank_p
FD240510,ROME,13.7,1,0.9982,5e-05,0.2746
FD240510,ROME,13.7,10,0.9994,-0.0003,0.9903
FD240510,ROME,13.7,30,0.996,0.00023,0.0026
FD240510,ROME,13.7,60,0.9876,0.00169,0.0001
FD240510,OULU,22.6,1,0.9986,-2e-05,0.5242
FD240510,OULU,22.6,10,0.9975,0.00022,0.0638
FD240510,OULU,22.6,30,0.9881,0.00214,0.0001
FD240510,OULU,22.6,60,0.9695,0.00502,0.0001
FD240324,ROME,11.0,1,0.9989,-0.00011,0.7352
FD240324,ROME,11.0,10,0.9985,-6e-05,0.4648
FD240324,ROME,11.0,30,0.9953,0.00032,0.0004
FD240324,ROME,11.0,60,0.9949,-0.00136,0.0003
FD240324,OULU,20.4,1,0.9982,9e-05,0.3117
FD240324,OULU,20.4,10,0.9982,-5e-05,0.2817
FD240324,OULU,20.4,30,0.994,0.00021,0.0001
FD240324,OULU,20.4,60,0.9774,0.0015,0.0001
