start,tie_frac,H_index,H_jitter,CJS_index,CJS_jitter
0,0.3059452237808951,0.9297813105517466,0.9307023527434328,0.08218732362188096,0.08170610553119735
1500,0.22244488977955912,0.8892587488763738,0.8866895456211339,0.12888352204155068,0.13027719012148511
3000,0.06813627254509018,0.7597594748037213,0.7530368761591457,0.2506216871123424,0.2549154195710707
4500,0.312625250501002,0.9331341290766536,0.9347529814530647,0.07924716537827681,0.07607799183420351
6000,0.48897795591182364,0.9736685855930911,0.9830917761781794,0.03300599598440985,0.021829707821204348
7500,0.22110888443553775,0.9273716862443848,0.9195723404770619,0.08505692415336248,0.09345835176435628
9000,0.11088844355377421,0.8141007426167098,0.8099677828618841,0.19839056309935346,0.20199956966415375
10500,0.049432197728790914,0.7209504908473716,0.7192293016308192,0.2755956455299159,0.2778380960034944
12000,0.12758851035404142,0.8623610405676558,0.8603672017141373,0.152941276166313,0.1541957389922539
13500,0.13092852371409486,0.8461088590264598,0.8422543590214312,0.16716450474794867,0.17266448192982012
15000,0.13226452905811623,0.8261805884400887,0.8191619084541784,0.18483478706236306,0.19020303997231536
16500,0.3286573146292585,0.9408616856227794,0.9433212490517948,0.07020100937295032,0.06838782192671569
18000,0.4455577822311289,0.976630575801558,0.982087486218543,0.028782887783290266,0.02284891822559512
19500,0.44355377421509684,0.9653769470304926,0.9800849177152937,0.04088675003487832,0.0249477901862024
21000,0.353373413493654,0.9323133611831969,0.9431590272181297,0.0765702205585112,0.06406142981141126
22500,0.07014028056112225,0.7726757900512388,0.7718615324147592,0.22361766176102713,0.22518991182757608
24000,0.22444889779559118,0.8995341149857019,0.8961574255716871,0.11623017492506446,0.1193921586379608
25500,0.2965931863727455,0.9271268588695979,0.9305758408354049,0.0859868743678357,0.08199598830408039
27000,0.04008016032064128,0.6908674840835398,0.6924828520851555,0.29538345480000305,0.2948349267145904
28500,0.052772211088844355,0.7516065249788715,0.7436464098492152,0.24940390028374204,0.2567617315433939
30000,0.14295257181028725,0.8566952841632676,0.8520222628561006,0.16359511817975647,0.16805014936172227
31500,0.11623246492985972,0.8507826024279379,0.8442862797851969,0.17263639596625177,0.1787931345158113
33000,0.20774883099532399,0.8580569887094294,0.8587371604119267,0.15256740806157226,0.15089675551899076
34500,0.24315297261189045,0.9327097945958299,0.9299954032192903,0.07979358755906439,0.08315402797542515
36000,0.24248496993987975,0.9774861432528476,0.9726281621945398,0.02844052563900036,0.035156882528644275
37500,0.3473613894455578,0.9819172072414825,0.9838488480628147,0.022312744044077105,0.02064685975025966
39000,0.2625250501002004,0.9676913883696179,0.9749781622573107,0.03873657694417129,0.03013537809086617
40500,0.28122912491649965,0.9510771241351055,0.9542735649781512,0.05590433902850334,0.05136469981453027
42000,0.4074816299265197,0.9715871175811023,0.9801504903244272,0.03674454051226857,0.026261660814984624
43500,0.1850367401469606,0.9112380676267903,0.9176608543642693,0.09789842377792551,0.09044252776400087
45000,0.44422177688710757,0.9690151362894783,0.9815496027167283,0.0366820002685991,0.02334448515114533
46500,0.5283901135604543,0.9555572735957218,0.9755228449342391,0.04947351064382059,0.0301369849631937
48000,0.7341349365397462,0.9387492222264429,0.9864931946356328,0.06634444450267525,0.016742872848907717
